round,date,mahalanobis
1,2019-01-02,2.8857
1,2019-01-03,2.6048
1,2019-01-04,1.8915
1,2019-01-07,9.2744
1,2019-01-09,1.694
1,2019-01-10,0.7105
1,2019-01-11,0.5309
1,2019-01-14,0.6752
1,2019-01-15,0.6663
1,2019-01-16,0.547
1,2019-01-17,0.6979
1,2019-01-18,0.5472
1,2019-01-21,0.5425
1,2019-01-22,0.6553
1,2019-01-23,0.5458
1,2019-01-24,0.5246
1,2019-01-25,0.4769
1,2019-01-28,0.7374
1,2019-01-29,0.7487
1,2019-01-30,2.9376
1,2019-01-31,2.2465
1,2019-02-01,0.7566
1,2019-02-07,0.5234
1,2019-02-08,0.567
1,2019-02-11,0.5791
1,2019-02-12,0.5806
1,2019-02-13,1.2908
1,2019-02-14,1.499
1,2019-02-15,0.4431
1,2019-02-18,0.334
1,2019-02-19,0.9717
1,2019-02-20,0.5868
1,2019-02-21,0.43
1,2019-02-22,0.3394
1,2019-02-25,0.545
1,2019-02-26,0.477
1,2019-02-27,0.4334
1,2019-02-28,1.1755
1,2019-03-04,0.7283
1,2019-03-05,0.5432
1,2019-03-06,0.443
1,2019-03-07,0.441
1,2019-03-08,0.8769
1,2019-03-11,0.9788
1,2019-03-12,0.8879
1,2019-03-13,0.5703
1,2019-03-14,0.5463
1,2019-03-15,0.1824
1,2019-03-18,0.2537
1,2019-03-19,0.1482
1,2019-03-20,0.2905
1,2019-03-21,0.2405
1,2019-03-22,0.2539
1,2019-03-25,1.4232
1,2019-03-26,0.5686
1,2019-03-27,0.4923
1,2019-03-28,0.6401
1,2019-03-29,0.5183
1,2019-04-01,0.3196
1,2019-04-02,0.2051
1,2019-04-03,0.0992
1,2019-04-04,0.1865
1,2019-04-05,0.0335
1,2019-04-08,0.2649
1,2019-04-09,0.4247
1,2019-04-10,7.19
1,2019-04-11,0.5241
1,2019-04-12,0.4752
1,2019-04-15,0.3465
1,2019-04-16,0.3847
1,2019-04-17,0.3709
1,2019-04-18,0.3015
1,2019-04-19,0.4902
1,2019-04-22,0.3361
1,2019-04-23,0.3492
1,2019-04-24,0.2791
1,2019-04-25,0.2731
1,2019-04-26,0.2371
1,2019-04-29,0.1826
1,2019-04-30,0.1124
1,2019-05-02,0.2701
1,2019-05-03,0.0766
1,2019-05-07,0.8343
1,2019-05-08,1.4966
1,2019-05-09,2.0278
1,2019-05-10,2.504
1,2019-05-13,2.2498
1,2019-05-14,4.8028
1,2019-05-15,1.3251
1,2019-05-16,1.3098
1,2019-05-17,1.2954
1,2019-05-20,1.0144
1,2019-05-21,0.9286
1,2019-05-22,1.2372
1,2019-05-23,1.32
1,2019-05-24,1.43
1,2019-05-27,1.7953
1,2019-05-28,1.4844
1,2019-05-29,1.9037
1,2019-05-30,2.0213
1,2019-05-31,2.3537
1,2019-06-03,1.6189
1,2019-06-04,1.6996
1,2019-06-05,2.5038
1,2019-06-07,1.2445
1,2019-06-10,0.9382
1,2019-06-11,0.5651
1,2019-06-12,0.6268
1,2019-06-13,0.5819
1,2019-06-14,0.4827
1,2019-06-17,0.5472
1,2019-06-18,0.4364
1,2019-06-19,0.3772
1,2019-06-20,0.4174
1,2019-06-21,0.1334
1,2019-06-24,0.2539
1,2019-06-25,0.259
1,2019-06-26,0.2247
1,2019-06-27,0.1812
1,2019-06-28,0.5182
1,2019-07-01,0.3077
1,2019-07-02,0.3284
1,2019-07-03,0.0678
1,2019-07-04,0.2284
1,2019-07-05,0.155
1,2019-07-08,0.8938
1,2019-07-09,0.3863
1,2019-07-10,0.5052
1,2019-07-11,0.4398
1,2019-07-12,0.6609
1,2019-07-15,0.2374
1,2019-07-16,0.4561
1,2019-07-17,0.3036
1,2019-07-18,0.4366
1,2019-07-19,0.3897
1,2019-07-22,0.318
1,2019-07-23,0.2941
1,2019-07-24,0.3471
1,2019-07-25,0.3341
1,2019-07-26,0.3991
1,2019-07-29,0.8876
1,2019-07-30,0.6131
1,2019-07-31,0.8223
1,2019-08-01,0.7222
1,2019-08-02,1.3696
1,2019-08-05,2.3685
1,2019-08-06,3.5622
1,2019-08-07,3.0852
1,2019-08-08,1.2569
1,2019-08-09,1.2149
1,2019-08-12,0.9264
1,2019-08-13,3.5007
1,2019-08-14,2.4136
1,2019-08-16,2.3383
1,2019-08-19,1.695
1,2019-08-20,1.5884
1,2019-08-21,0.7365
1,2019-08-22,0.7335
1,2019-08-23,0.9337
1,2019-08-26,3.5858
1,2019-08-27,2.0591
1,2019-08-28,1.2733
1,2019-08-29,1.5679
1,2019-08-30,1.7271
1,2019-09-02,1.2433
1,2019-09-03,1.4283
1,2019-09-04,1.2498
1,2019-09-05,1.0473
1,2019-09-06,0.5568
1,2019-09-09,0.3681
1,2019-09-10,0.5274
1,2019-09-11,0.0576
1,2019-09-16,0.6881
1,2019-09-17,0.5102
1,2019-09-18,0.5453
1,2019-09-19,0.4358
1,2019-09-20,0.2498
1,2019-09-23,0.6766
1,2019-09-24,0.4984
1,2019-09-25,1.232
1,2019-09-26,0.7914
1,2019-09-27,0.576
1,2019-09-30,0.7524
1,2019-10-01,0.6022
1,2019-10-02,1.3817
1,2019-10-04,1.3495
1,2019-10-07,1.1603
1,2019-10-08,1.1982
1,2019-10-10,0.9503
1,2019-10-11,0.8442
1,2019-10-14,0.471
1,2019-10-15,0.2973
1,2019-10-16,0.2867
1,2019-10-17,0.0932
1,2019-10-18,0.3329
1,2019-10-21,0.1371
1,2019-10-22,0.4228
1,2019-10-23,0.15
1,2019-10-24,0.137
1,2019-10-25,0.1365
1,2019-10-28,0.1486
1,2019-10-29,0.0678
1,2019-10-30,0.2691
1,2019-10-31,0.1248
1,2019-11-01,0.2183
1,2019-11-04,0.1085
1,2019-11-05,0.082
1,2019-11-06,0.3253
1,2019-11-07,0.1154
1,2019-11-08,0.1185
1,2019-11-11,0.4084
1,2019-11-12,0.3071
1,2019-11-13,0.1973
1,2019-11-14,0.219
1,2019-11-15,0.2264
1,2019-11-18,0.1518
1,2019-11-19,0.1139
1,2019-11-20,0.4449
1,2019-11-21,0.5237
1,2019-11-22,0.4006
1,2019-11-25,0.1715
1,2019-11-26,0.364
1,2019-11-27,0.2329
1,2019-11-28,0.1071
1,2019-11-29,0.2326
1,2019-12-02,0.1888
1,2019-12-03,0.3833
1,2019-12-04,0.3772
1,2019-12-05,0.4671
1,2019-12-06,0.408
1,2019-12-09,0.1494
1,2019-12-10,0.1533
1,2019-12-11,0.0747
1,2019-12-12,0.0576
1,2019-12-13,0.2105
1,2019-12-16,0.1393
1,2019-12-17,0.2231
1,2019-12-18,0.218
1,2019-12-19,0.1728
1,2019-12-20,0.1939
1,2019-12-23,0.5376
1,2019-12-24,0.1386
1,2019-12-26,0.3558
1,2019-12-27,0.2595
1,2019-12-30,0.6486
2,2020-01-02,0.8104
2,2020-01-03,0.9298
2,2020-01-06,0.8181
2,2020-01-07,0.7649
2,2020-01-08,1.1351
2,2020-01-09,1.4731
2,2020-01-10,0.4743
2,2020-01-13,0.2614
2,2020-01-14,0.1499
2,2020-01-15,0.1472
2,2020-01-16,0.1216
2,2020-01-17,0.0629
2,2020-01-20,0.0539
2,2020-01-21,0.4719
2,2020-01-22,0.2092
2,2020-01-23,0.881
2,2020-01-28,1.7554
2,2020-01-29,1.2445
2,2020-01-30,1.7784
2,2020-01-31,3.0261
2,2020-02-03,2.1376
2,2020-02-04,2.9629
2,2020-02-05,2.0162
2,2020-02-06,1.5595
2,2020-02-07,2.2523
2,2020-02-10,1.717
2,2020-02-11,1.815
2,2020-02-12,1.2291
2,2020-02-13,1.1826
2,2020-02-14,1.2355
2,2020-02-17,1.4755
2,2020-02-18,1.7285
2,2020-02-19,1.8009
2,2020-02-20,1.7509
2,2020-02-21,4.2876
2,2020-02-24,4.2762
2,2020-02-25,3.4803
2,2020-02-26,4.389
2,2020-02-27,5.0247
2,2020-02-28,7.7305
2,2020-03-02,7.2731
2,2020-03-03,6.0875
2,2020-03-04,5.0502
2,2020-03-05,3.9376
2,2020-03-06,5.3114
2,2020-03-09,8.6563
2,2020-03-10,8.0958
2,2020-03-11,9.1527
2,2020-03-12,11.2508
2,2020-03-13,15.3914
2,2020-03-16,19.5025
2,2020-03-17,19.4934
2,2020-03-18,18.8476
2,2020-03-19,21.3074
2,2020-03-20,18.0687
2,2020-03-23,18.7252
2,2020-03-24,15.4043
2,2020-03-25,13.6798
2,2020-03-26,14.9785
2,2020-03-27,15.6969
2,2020-03-30,15.7815
2,2020-03-31,13.3913
2,2020-04-01,13.9224
2,2020-04-02,12.8755
2,2020-04-03,12.143
2,2020-04-06,9.4611
2,2020-04-07,8.6145
2,2020-04-08,10.0923
2,2020-04-09,8.4075
2,2020-04-10,8.4848
2,2020-04-13,9.9541
2,2020-04-14,8.5875
2,2020-04-16,8.1021
2,2020-04-17,6.8304
2,2020-04-20,7.4985
2,2020-04-21,8.741
2,2020-04-22,8.759
2,2020-04-23,7.9706
2,2020-04-24,9.1292
2,2020-04-27,8.2372
2,2020-04-28,7.278
2,2020-04-29,6.4604
2,2020-05-04,8.6806
2,2020-05-06,6.9859
2,2020-05-07,6.7498
2,2020-05-08,5.8042
2,2020-05-11,5.9812
2,2020-05-12,5.4147
2,2020-05-13,4.6536
2,2020-05-14,5.003
2,2020-05-15,5.073
2,2020-05-18,5.1046
2,2020-05-19,4.3735
2,2020-05-20,4.2664
2,2020-05-21,3.8128
2,2020-05-22,5.425
2,2020-05-25,4.4882
2,2020-05-26,3.9063
2,2020-05-27,4.1126
2,2020-05-28,4.4082
2,2020-05-29,4.5635
2,2020-06-01,4.3119
2,2020-06-02,4.3209
2,2020-06-03,4.6002
2,2020-06-04,4.5875
2,2020-06-05,4.4981
2,2020-06-08,5.24
2,2020-06-09,4.9223
2,2020-06-10,4.7357
2,2020-06-11,5.0038
2,2020-06-12,7.3673
2,2020-06-15,9.9559
2,2020-06-16,8.5352
2,2020-06-17,8.9461
2,2020-06-18,9.046
2,2020-06-22,7.8163
2,2020-06-23,6.9282
2,2020-06-24,6.3347
2,2020-06-25,7.4322
2,2020-06-26,6.485
2,2020-06-29,7.6087
2,2020-06-30,6.6787
2,2020-07-01,6.2157
2,2020-07-02,5.3031
2,2020-07-06,4.0797
2,2020-07-07,4.2585
2,2020-07-08,4.3347
2,2020-07-09,3.7604
2,2020-07-10,4.2572
2,2020-07-13,3.8319
2,2020-07-14,4.1052
2,2020-07-15,3.8174
2,2020-07-16,3.7408
2,2020-07-17,3.3521
2,2020-07-20,3.3107
2,2020-07-21,2.9287
2,2020-07-22,2.7306
2,2020-07-23,2.7812
2,2020-07-24,3.4083
2,2020-07-27,3.5332
2,2020-07-28,3.5235
2,2020-07-29,3.6754
2,2020-07-30,3.5303
2,2020-07-31,3.7675
2,2020-08-03,3.7541
2,2020-08-04,3.3788
2,2020-08-05,3.055
2,2020-08-06,3.1886
2,2020-08-07,3.1958
2,2020-08-10,3.5302
2,2020-08-11,3.5449
2,2020-08-12,3.5023
2,2020-08-13,3.2468
2,2020-08-14,3.3874
2,2020-08-18,4.4421
2,2020-08-19,4.102
2,2020-08-20,5.5694
2,2020-08-21,5.0674
2,2020-08-24,4.881
2,2020-08-25,4.2279
2,2020-08-26,4.4849
2,2020-08-27,5.17
2,2020-08-28,4.8718
2,2020-08-31,5.3791
2,2020-09-01,5.3187
2,2020-09-02,4.8285
2,2020-09-03,4.4551
2,2020-09-04,5.4099
2,2020-09-07,4.6894
2,2020-09-08,3.9546
2,2020-09-09,4.2126
2,2020-09-10,3.398
2,2020-09-11,3.0661
2,2020-09-14,2.9123
2,2020-09-15,2.7898
2,2020-09-16,2.802
2,2020-09-17,3.3188
2,2020-09-18,3.0496
2,2020-09-21,3.7085
2,2020-09-22,4.4068
2,2020-09-23,4.1941
2,2020-09-24,5.1765
2,2020-09-25,4.7738
2,2020-09-28,4.349
2,2020-09-29,4.0156
2,2020-10-05,3.8932
2,2020-10-06,3.3645
2,2020-10-07,3.0364
2,2020-10-08,2.82
2,2020-10-12,2.6032
2,2020-10-13,2.5323
2,2020-10-14,2.7859
2,2020-10-15,2.9645
2,2020-10-16,3.1784
2,2020-10-19,3.3607
2,2020-10-20,3.2491
2,2020-10-21,3.1337
2,2020-10-22,3.3741
2,2020-10-23,3.159
2,2020-10-26,3.5353
2,2020-10-27,3.7713
2,2020-10-28,3.6714
2,2020-10-29,4.6905
2,2020-10-30,7.029
2,2020-11-02,5.7729
2,2020-11-03,4.9524
2,2020-11-04,4.2719
2,2020-11-05,3.4043
2,2020-11-06,3.0865
2,2020-11-09,3.0133
2,2020-11-10,2.8282
2,2020-11-11,2.6837
2,2020-11-12,2.4816
2,2020-11-13,2.3185
2,2020-11-16,2.6392
2,2020-11-17,2.4359
2,2020-11-18,2.2665
2,2020-11-19,2.2061
2,2020-11-20,2.1326
2,2020-11-23,2.3956
2,2020-11-24,2.3268
2,2020-11-25,2.7987
2,2020-11-26,2.5207
2,2020-11-27,2.3161
2,2020-11-30,2.8152
2,2020-12-01,2.5405
2,2020-12-02,2.4715
2,2020-12-03,2.4206
2,2020-12-04,2.8496
2,2020-12-07,2.8962
2,2020-12-08,2.7166
2,2020-12-09,2.5186
2,2020-12-10,2.4206
2,2020-12-11,2.3592
2,2020-12-14,3.0176
2,2020-12-15,2.8881
2,2020-12-16,2.6511
2,2020-12-17,2.4201
2,2020-12-18,2.2736
2,2020-12-21,2.715
2,2020-12-22,3.6428
2,2020-12-23,3.0771
2,2020-12-24,2.9883
2,2020-12-28,3.6401
2,2020-12-29,3.1317
2,2020-12-30,3.1998
3,2021-01-04,4.1647
3,2021-01-05,4.6455
3,2021-01-06,5.1744
3,2021-01-07,4.8664
3,2021-01-08,5.7832
3,2021-01-11,8.2768
3,2021-01-12,8.0115
3,2021-01-13,6.8999
3,2021-01-14,6.0074
3,2021-01-15,6.6956
3,2021-01-18,7.3193
3,2021-01-19,7.6683
3,2021-01-20,7.3857
3,2021-01-21,6.3744
3,2021-01-22,5.8713
3,2021-01-25,5.7118
3,2021-01-26,6.0941
3,2021-01-27,5.8827
3,2021-01-28,7.2843
3,2021-01-29,8.2977
3,2021-02-01,7.7141
3,2021-02-02,7.4165
3,2021-02-03,6.6195
3,2021-02-04,6.8918
3,2021-02-05,5.6345
3,2021-02-08,5.096
3,2021-02-09,4.3134
3,2021-02-10,4.7252
3,2021-02-15,4.6535
3,2021-02-16,4.2358
3,2021-02-17,4.3999
3,2021-02-18,4.5999
3,2021-02-19,4.891
3,2021-02-22,5.191
3,2021-02-23,5.018
3,2021-02-24,5.6853
3,2021-02-25,5.3166
3,2021-02-26,6.614
3,2021-03-02,6.48
3,2021-03-03,5.4923
3,2021-03-04,5.905
3,2021-03-05,5.7581
3,2021-03-08,5.9013
3,2021-03-09,6.0174
3,2021-03-10,5.6718
3,2021-03-11,4.7852
3,2021-03-12,4.4414
3,2021-03-15,4.525
3,2021-03-16,3.9498
3,2021-03-17,3.9978
3,2021-03-18,3.3813
3,2021-03-19,3.6444
3,2021-03-22,3.6804
3,2021-03-23,3.4993
3,2021-03-24,3.3157
3,2021-03-25,2.9676
3,2021-03-26,2.5769
3,2021-03-29,2.6599
3,2021-03-30,2.5303
3,2021-03-31,2.4409
3,2021-04-01,2.2905
3,2021-04-02,2.1319
3,2021-04-07,1.2789
3,2021-04-08,2.3003
3,2021-04-09,1.1903
3,2021-04-12,0.9362
3,2021-04-13,1.5196
3,2021-04-14,1.2896
3,2021-04-15,2.9
3,2021-04-16,1.3444
3,2021-04-19,1.5057
3,2021-04-20,1.475
3,2021-04-21,1.8556
3,2021-04-22,1.4365
3,2021-04-23,1.6172
3,2021-04-26,1.6265
3,2021-04-27,2.7393
3,2021-04-28,4.1755
3,2021-04-29,1.8441
3,2021-04-30,1.8306
3,2021-05-03,4.241
3,2021-05-04,1.0637
3,2021-05-06,1.1359
3,2021-05-07,1.1742
3,2021-05-10,2.0978
3,2021-05-11,2.2593
3,2021-05-12,3.3038
3,2021-05-13,2.9991
3,2021-05-14,2.8921
3,2021-05-17,1.9892
3,2021-05-18,3.544
3,2021-05-20,3.3157
3,2021-05-21,2.4999
3,2021-05-24,2.4947
3,2021-05-25,2.6372
3,2021-05-26,1.9165
3,2021-05-27,2.272
3,2021-05-28,1.2251
3,2021-05-31,1.2424
3,2021-06-01,1.1986
3,2021-06-02,0.9962
3,2021-06-03,2.2912
3,2021-06-04,1.2716
3,2021-06-07,1.4355
3,2021-06-08,1.3376
3,2021-06-09,1.051
3,2021-06-10,1.1584
3,2021-06-11,0.5609
3,2021-06-14,0.1279
3,2021-06-15,0.0872
3,2021-06-16,0.3182
3,2021-06-17,0.3851
3,2021-06-18,0.2579
3,2021-06-21,1.5497
3,2021-06-22,0.9922
3,2021-06-23,0.3004
3,2021-06-24,0.2876
3,2021-06-25,0.2672
3,2021-06-28,0.2595
3,2021-06-29,0.1953
3,2021-06-30,0.1533
3,2021-07-01,0.1314
3,2021-07-02,0.2981
3,2021-07-05,0.4634
3,2021-07-06,0.5638
3,2021-07-07,0.3907
3,2021-07-08,0.416
3,2021-07-09,0.6755
3,2021-07-12,0.7833
3,2021-07-13,0.7302
3,2021-07-14,0.4691
3,2021-07-15,0.4186
3,2021-07-16,0.3535
3,2021-07-19,1.1436
3,2021-07-20,0.6996
3,2021-07-21,0.8871
3,2021-07-22,1.0775
3,2021-07-23,0.1305
3,2021-07-26,1.3922
3,2021-07-27,0.6581
3,2021-07-28,0.852
3,2021-07-29,0.6906
3,2021-07-30,2.679
3,2021-08-02,2.1927
3,2021-08-03,0.69
3,2021-08-04,0.2486
3,2021-08-05,0.1849
3,2021-08-06,0.154
3,2021-08-09,0.0953
3,2021-08-10,0.2153
3,2021-08-11,0.5459
3,2021-08-12,0.5412
3,2021-08-13,0.9783
3,2021-08-17,1.2074
3,2021-08-18,0.8909
3,2021-08-19,5.2715
3,2021-08-20,1.8441
3,2021-08-23,1.2174
3,2021-08-24,2.27
3,2021-08-25,0.5227
3,2021-08-26,1.0013
3,2021-08-27,0.7887
3,2021-08-30,0.7072
3,2021-08-31,0.7866
3,2021-09-01,0.3559
3,2021-09-02,0.4882
3,2021-09-03,0.3962
3,2021-09-06,0.1763
3,2021-09-07,0.0208
3,2021-09-08,0.3958
3,2021-09-09,1.2237
3,2021-09-10,0.7323
3,2021-09-13,0.4565
3,2021-09-14,0.3987
3,2021-09-15,0.2065
3,2021-09-16,0.7375
3,2021-09-17,0.5253
3,2021-09-23,1.6572
3,2021-09-24,0.9488
3,2021-09-27,0.7724
3,2021-09-28,1.0808
3,2021-09-29,5.0473
3,2021-09-30,3.2868
3,2021-10-01,1.8402
3,2021-10-05,3.4684
3,2021-10-06,2.9664
3,2021-10-07,2.6208
3,2021-10-08,2.4434
3,2021-10-12,3.2972
3,2021-10-13,2.7161
3,2021-10-14,4.8269
3,2021-10-15,1.1175
3,2021-10-18,1.4942
3,2021-10-19,1.1982
3,2021-10-20,2.4767
3,2021-10-21,1.3854
3,2021-10-22,2.0313
3,2021-10-25,1.1502
3,2021-10-26,1.403
3,2021-10-27,1.4859
3,2021-10-28,1.229
3,2021-10-29,1.7018
3,2021-11-01,1.9028
3,2021-11-02,1.2136
3,2021-11-03,1.6288
3,2021-11-04,1.3366
3,2021-11-05,1.4981
3,2021-11-08,3.9165
3,2021-11-09,5.5908
3,2021-11-10,5.0429
3,2021-11-11,1.0983
3,2021-11-12,1.2841
3,2021-11-15,0.7122
3,2021-11-16,0.7178
3,2021-11-17,1.1164
3,2021-11-18,1.0738
3,2021-11-19,0.9817
3,2021-11-22,0.7849
3,2021-11-23,1.0098
3,2021-11-24,0.8473
3,2021-11-25,0.7826
3,2021-11-26,1.5057
3,2021-11-29,7.6401
3,2021-11-30,3.6043
3,2021-12-01,2.8632
3,2021-12-02,2.6513
3,2021-12-03,2.4272
3,2021-12-06,2.6448
3,2021-12-07,3.7594
3,2021-12-08,1.3712
3,2021-12-09,2.8674
3,2021-12-10,2.0053
3,2021-12-13,1.4904
3,2021-12-14,6.3073
3,2021-12-15,1.6528
3,2021-12-16,1.0983
3,2021-12-17,1.1212
3,2021-12-20,2.0748
3,2021-12-21,3.3155
3,2021-12-22,1.2674
3,2021-12-23,1.5183
3,2021-12-24,1.0699
3,2021-12-27,2.3675
3,2021-12-28,1.4711
3,2021-12-29,1.2002
3,2021-12-30,0.9113
4,2022-01-04,0.5683
4,2022-01-05,0.7257
4,2022-01-06,2.2693
4,2022-01-07,1.5128
4,2022-01-10,1.1437
4,2022-01-11,0.425
4,2022-01-12,2.1336
4,2022-01-13,0.114
4,2022-01-14,1.4261
4,2022-01-17,1.6569
4,2022-01-18,0.2291
4,2022-01-19,3.0058
4,2022-01-20,10.5886
4,2022-01-21,11.6937
4,2022-01-24,1.9808
4,2022-01-25,2.1895
4,2022-01-26,1.2541
4,2022-01-27,1.7694
4,2022-01-28,1.5056
4,2022-02-03,1.0034
4,2022-02-04,1.2023
4,2022-02-07,0.7811
4,2022-02-08,0.7342
4,2022-02-09,1.3168
4,2022-02-10,0.7863
4,2022-02-11,1.8421
4,2022-02-15,1.976
4,2022-02-16,1.3292
4,2022-02-17,1.1041
4,2022-02-18,1.0199
4,2022-02-21,1.0302
4,2022-02-22,1.3242
4,2022-02-23,1.1521
4,2022-02-24,1.6852
4,2022-02-25,1.3976
4,2022-02-28,1.1279
4,2022-03-02,1.1913
4,2022-03-03,1.1884
4,2022-03-04,1.2987
4,2022-03-07,1.7806
4,2022-03-08,1.7735
4,2022-03-10,1.5073
4,2022-03-11,1.1938
4,2022-03-14,1.1608
4,2022-03-15,1.3366
4,2022-03-16,1.2143
4,2022-03-17,0.9935
4,2022-03-18,0.8346
4,2022-03-21,0.8531
4,2022-03-22,1.0135
4,2022-03-23,1.3754
4,2022-03-24,0.4646
4,2022-03-25,0.4656
4,2022-03-28,0.4364
4,2022-03-29,1.5764
4,2022-03-30,0.1895
4,2022-03-31,4.1833
4,2022-04-01,0.1518
4,2022-04-04,0.9677
4,2022-04-05,0.6458
4,2022-04-06,1.144
4,2022-04-07,3.5967
4,2022-04-08,2.9296
4,2022-04-11,1.5665
4,2022-04-12,0.2731
4,2022-04-13,0.0701
4,2022-04-14,0.2839
4,2022-04-15,2.8241
4,2022-04-18,0.3314
4,2022-04-19,0.1627
4,2022-04-20,1.5573
4,2022-04-21,1.255
4,2022-04-22,3.3547
4,2022-04-25,0.6404
4,2022-04-26,1.0601
4,2022-04-27,1.607
4,2022-04-28,1.1544
4,2022-04-29,2.0236
4,2022-05-03,1.8352
4,2022-05-04,0.8285
4,2022-05-06,1.2833
4,2022-05-10,1.0465
4,2022-05-11,0.8855
4,2022-05-12,1.1931
4,2022-05-13,2.1489
4,2022-05-16,0.7688
4,2022-05-17,1.5996
4,2022-05-18,1.9775
4,2022-05-19,3.5939
4,2022-05-20,1.6543
4,2022-05-23,0.6517
4,2022-05-24,1.2956
4,2022-05-25,0.8314
4,2022-05-26,0.477
4,2022-05-27,1.8012
4,2022-05-30,0.1698
4,2022-05-31,2.1673
4,2022-06-02,1.3165
4,2022-06-03,2.1244
4,2022-06-07,0.2206
4,2022-06-08,0.0808
4,2022-06-09,0.1993
4,2022-06-10,0.2476
4,2022-06-13,5.831
4,2022-06-14,1.0299
4,2022-06-15,1.1069
4,2022-06-16,1.0453
4,2022-06-17,1.4365
4,2022-06-20,1.4015
4,2022-06-21,1.3451
4,2022-06-22,1.4502
4,2022-06-23,1.3342
4,2022-06-24,1.2228
4,2022-06-27,1.0374
4,2022-06-28,0.9768
4,2022-06-29,1.0469
4,2022-06-30,1.1691
4,2022-07-01,1.0574
4,2022-07-04,1.0702
4,2022-07-05,1.0336
4,2022-07-06,1.3259
4,2022-07-07,1.0781
4,2022-07-08,0.9562
4,2022-07-11,0.9685
4,2022-07-12,0.9654
4,2022-07-13,0.9617
4,2022-07-14,0.9637
4,2022-07-15,0.9737
4,2022-07-18,1.1474
4,2022-07-19,0.6082
4,2022-07-20,0.6543
4,2022-07-21,0.5786
4,2022-07-22,0.58
4,2022-07-25,0.5463
4,2022-07-26,0.848
4,2022-07-27,0.403
4,2022-07-28,2.7202
4,2022-07-29,0.1768
4,2022-08-01,0.2376
4,2022-08-02,3.3876
4,2022-08-03,2.0607
4,2022-08-04,0.1641
4,2022-08-05,2.4812
4,2022-08-08,0.3712
4,2022-08-09,1.1392
4,2022-08-10,1.2697
4,2022-08-11,2.0548
4,2022-08-12,0.2735
4,2022-08-16,0.1636
4,2022-08-17,0.1787
4,2022-08-18,0.2737
4,2022-08-19,0.12
4,2022-08-22,1.262
4,2022-08-23,3.1287
4,2022-08-24,1.2815
4,2022-08-25,2.5413
4,2022-08-26,0.0594
4,2022-08-29,0.3086
4,2022-08-30,0.1318
4,2022-08-31,0.5301
4,2022-09-01,0.3769
4,2022-09-02,0.4423
4,2022-09-05,0.5525
4,2022-09-06,1.1997
4,2022-09-07,2.6561
4,2022-09-08,1.0208
4,2022-09-13,0.0309
4,2022-09-14,0.3101
4,2022-09-15,1.2927
4,2022-09-16,2.1072
4,2022-09-19,0.8373
4,2022-09-20,0.6556
4,2022-09-21,1.6517
4,2022-09-22,0.6265
4,2022-09-23,0.5578
4,2022-09-26,2.1526
4,2022-09-27,1.022
4,2022-09-28,1.6424
4,2022-09-29,1.3547
4,2022-09-30,1.534
4,2022-10-04,1.342
4,2022-10-05,1.1359
4,2022-10-06,1.0432
4,2022-10-07,1.0619
4,2022-10-11,1.4066
4,2022-10-12,1.2101
4,2022-10-13,1.6329
4,2022-10-14,1.4047
4,2022-10-17,1.1223
4,2022-10-18,1.0775
4,2022-10-19,0.9526
4,2022-10-20,1.0961
4,2022-10-21,1.0543
4,2022-10-24,1.1618
4,2022-10-25,1.1055
4,2022-10-26,1.0293
4,2022-10-27,0.989
4,2022-10-28,0.9059
4,2022-10-31,0.8606
4,2022-11-01,0.8363
4,2022-11-02,0.6512
4,2022-11-03,0.6624
4,2022-11-04,0.6718
4,2022-11-07,0.6086
4,2022-11-08,0.8828
4,2022-11-09,0.5093
4,2022-11-10,1.0525
4,2022-11-11,1.1268
4,2022-11-14,0.6109
4,2022-11-15,0.8616
4,2022-11-16,0.5298
4,2022-11-17,0.537
4,2022-11-18,0.5367
4,2022-11-21,0.473
4,2022-11-22,1.1085
4,2022-11-23,0.1952
4,2022-11-24,5.7423
4,2022-11-25,0.2596
4,2022-11-28,0.2235
4,2022-11-29,0.1726
4,2022-11-30,0.2773
4,2022-12-01,1.6745
4,2022-12-02,0.276
4,2022-12-05,0.2037
4,2022-12-06,0.2334
4,2022-12-07,1.6545
4,2022-12-08,0.4442
4,2022-12-09,0.1459
4,2022-12-12,0.2802
4,2022-12-13,1.4829
4,2022-12-14,0.104
4,2022-12-15,1.1441
4,2022-12-16,0.6155
4,2022-12-19,1.8715
4,2022-12-20,8.5372
4,2022-12-21,8.3705
4,2022-12-22,2.6712
4,2022-12-23,1.8823
4,2022-12-26,0.1897
4,2022-12-27,1.0543
4,2022-12-28,1.4034
4,2022-12-29,0.2632
5,2023-01-02,1.3853
5,2023-01-03,0.2758
5,2023-01-04,3.1643
5,2023-01-05,0.0281
5,2023-01-06,1.1088
5,2023-01-09,0.112
5,2023-01-10,1.4281
5,2023-01-11,0.0446
5,2023-01-12,0.093
5,2023-01-13,0.0672
5,2023-01-16,0.6195
5,2023-01-17,0.119
5,2023-01-18,0.1382
5,2023-01-19,0.1938
5,2023-01-20,0.1692
5,2023-01-25,0.1293
5,2023-01-26,0.468
5,2023-01-27,0.5106
5,2023-01-30,1.1855
5,2023-01-31,1.7978
5,2023-02-01,1.1914
5,2023-02-02,1.3307
5,2023-02-03,0.1572
5,2023-02-06,1.5376
5,2023-02-07,0.8183
5,2023-02-08,0.6377
5,2023-02-09,4.9461
5,2023-02-10,4.7986
5,2023-02-13,0.0781
5,2023-02-14,1.4704
5,2023-02-15,1.9286
5,2023-02-16,0.0269
5,2023-02-17,0.0781
5,2023-02-20,1.8536
5,2023-02-21,0.6201
5,2023-02-22,1.0647
5,2023-02-23,0.8839
5,2023-02-24,0.4187
5,2023-02-27,1.0062
5,2023-02-28,1.7973
5,2023-03-02,0.9974
5,2023-03-03,0.0136
5,2023-03-06,1.8837
5,2023-03-07,0.473
5,2023-03-08,0.5628
5,2023-03-09,1.1889
5,2023-03-10,2.338
5,2023-03-13,0.074
5,2023-03-14,5.072
5,2023-03-15,2.6816
5,2023-03-16,1.8155
5,2023-03-17,3.7574
5,2023-03-20,4.2802
5,2023-03-21,1.0803
5,2023-03-22,3.0627
5,2023-03-23,0.0433
5,2023-03-24,6.0794
5,2023-03-27,6.1064
5,2023-03-28,8.1402
5,2023-03-29,0.8571
5,2023-03-30,0.4861
5,2023-03-31,0.3033
5,2023-04-03,0.3655
5,2023-04-04,0.6072
5,2023-04-05,0.3352
5,2023-04-06,0.4867
5,2023-04-07,0.5156
5,2023-04-10,0.3996
5,2023-04-11,0.2903
5,2023-04-12,0.3101
5,2023-04-13,0.3773
5,2023-04-14,0.3157
5,2023-04-17,0.3058
5,2023-04-18,0.4067
5,2023-04-19,0.4292
5,2023-04-20,0.4357
5,2023-04-21,0.4187
5,2023-04-24,0.4137
5,2023-04-25,0.3798
5,2023-04-26,0.3585
5,2023-04-27,0.4087
5,2023-04-28,0.4743
5,2023-05-02,0.4975
5,2023-05-03,0.6223
5,2023-05-04,0.3548
5,2023-05-08,0.4587
5,2023-05-09,0.521
5,2023-05-10,0.4552
5,2023-05-11,0.5219
5,2023-05-12,0.5433
5,2023-05-15,0.532
5,2023-05-16,0.5672
5,2023-05-17,0.5702
5,2023-05-19,0.564
5,2023-05-22,0.5235
5,2023-05-23,0.437
5,2023-05-25,0.4758
5,2023-05-26,0.3769
5,2023-05-30,0.4064
5,2023-05-31,0.3943
5,2023-06-01,0.5156
5,2023-06-02,0.5417
5,2023-06-05,0.4972
5,2023-06-07,0.5676
5,2023-06-08,0.5907
5,2023-06-09,0.6281
5,2023-06-12,0.5926
5,2023-06-13,0.5552
5,2023-06-14,0.5718
5,2023-06-15,0.6178
5,2023-06-16,0.6245
5,2023-06-19,0.6006
5,2023-06-20,0.6501
5,2023-06-21,0.6084
5,2023-06-22,0.6095
5,2023-06-23,0.6396
5,2023-06-26,0.604
5,2023-06-27,0.6255
5,2023-06-28,0.6278
5,2023-06-29,0.6533
5,2023-06-30,0.7071
5,2023-07-07,0.9763
5,2023-07-10,0.419
5,2023-07-14,0.908
5,2023-07-17,0.6125
5,2023-07-19,0.6624
5,2023-07-20,0.6239
5,2023-07-21,0.5961
5,2023-07-24,0.6012
5,2023-07-26,0.4845
5,2023-07-28,0.5188
5,2023-08-03,1.171
5,2023-08-04,0.3935
5,2023-08-07,0.303
5,2023-08-08,0.3881
5,2023-08-09,0.8814
5,2023-08-10,0.5079
5,2023-08-11,0.6287
5,2023-08-14,0.5834
5,2023-08-16,0.6805
5,2023-08-17,0.426
5,2023-08-18,0.4682
5,2023-08-21,0.2255
5,2023-08-22,0.6529
5,2023-08-23,0.4366
5,2023-08-24,0.7495
5,2023-08-25,0.6295
5,2023-08-28,0.6015
5,2023-08-29,0.651
5,2023-08-30,0.6565
5,2023-08-31,0.6778
5,2023-09-01,0.7104
5,2023-09-04,0.7111
5,2023-09-05,0.7209
5,2023-09-06,0.7155
5,2023-09-07,0.6892
5,2023-09-08,0.7296
5,2023-09-11,0.7208
5,2023-09-12,0.7235
5,2023-09-13,0.6963
5,2023-09-14,0.8014
5,2023-09-15,0.8198
5,2023-09-18,0.763
5,2023-09-19,0.6495
5,2023-09-20,0.6381
5,2023-09-21,0.6484
5,2023-09-22,0.4927
5,2023-09-25,0.4911
5,2023-09-26,0.533
5,2023-09-27,0.4176
5,2023-10-04,0.0592
5,2023-10-05,0.0472
5,2023-10-06,0.1697
5,2023-10-10,0.6486
5,2023-10-11,2.0222
5,2023-10-12,1.1688
5,2023-10-13,0.3297
5,2023-10-16,1.5254
5,2023-10-17,1.289
5,2023-10-18,0.2846
5,2023-10-19,0.0781
5,2023-10-20,3.4811
5,2023-10-23,0.2993
5,2023-10-24,1.3302
5,2023-10-25,0.731
5,2023-10-26,3.2386
5,2023-10-27,0.9053
5,2023-10-30,0.3239
5,2023-10-31,0.3398
5,2023-11-01,1.6519
5,2023-11-02,0.028
5,2023-11-03,1.7951
5,2023-11-06,0.1352
5,2023-11-07,1.9077
5,2023-11-08,0.0201
5,2023-11-09,1.8633
5,2023-11-10,0.5693
5,2023-11-13,1.9594
5,2023-11-14,1.372
5,2023-11-15,0.295
5,2023-11-16,0.5613
5,2023-11-17,0.679
5,2023-11-20,0.2348
5,2023-11-21,0.6356
5,2023-11-22,0.3724
5,2023-11-23,0.665
5,2023-11-24,0.3644
5,2023-11-27,0.3583
5,2023-11-28,0.3386
5,2023-11-29,0.6271
5,2023-11-30,0.4459
5,2023-12-01,0.4363
5,2023-12-04,0.4259
5,2023-12-05,0.414
5,2023-12-06,0.4533
5,2023-12-07,2.1029
5,2023-12-08,2.0048
5,2023-12-11,0.4319
5,2023-12-12,0.4472
5,2023-12-13,0.4679
5,2023-12-14,0.4963
5,2023-12-15,0.5095
5,2023-12-18,0.4905
5,2023-12-19,0.5593
5,2023-12-20,0.6313
5,2023-12-21,0.3893
5,2023-12-22,0.3723
5,2023-12-26,1.0738
5,2023-12-27,0.4013
5,2023-12-28,3.687
6,2024-01-02,0.096
6,2024-01-03,1.1826
6,2024-01-04,0.5288
6,2024-01-05,0.2119
6,2024-01-08,0.3023
6,2024-01-09,1.4874
6,2024-01-10,1.1885
6,2024-01-11,0.6283
6,2024-01-12,0.6503
6,2024-01-15,0.366
6,2024-01-16,0.6333
6,2024-01-17,0.0221
6,2024-01-19,0.2349
6,2024-01-22,0.1817
6,2024-01-23,0.271
6,2024-01-24,0.7176
6,2024-01-25,0.4019
6,2024-01-26,0.341
6,2024-01-29,0.6381
6,2024-01-30,0.4275
6,2024-01-31,0.3505
6,2024-02-01,0.4744
6,2024-02-02,2.8052
6,2024-02-05,0.1745
6,2024-02-06,0.2421
6,2024-02-07,0.2747
6,2024-02-08,1.1163
6,2024-02-13,0.1802
6,2024-02-14,0.186
6,2024-02-15,5.3953
6,2024-02-16,1.6614
6,2024-02-19,0.1802
6,2024-02-20,1.7006
6,2024-02-21,2.4347
6,2024-02-22,1.2357
6,2024-02-23,0.4998
6,2024-02-26,0.1917
6,2024-02-27,4.4362
6,2024-02-28,0.6115
6,2024-02-29,0.3654
6,2024-03-04,1.0046
6,2024-03-05,0.4988
6,2024-03-06,0.3826
6,2024-03-07,0.2912
6,2024-03-08,0.2912
6,2024-03-11,0.1759
6,2024-03-12,0.2119
6,2024-03-13,2.6737
6,2024-03-14,0.6382
6,2024-03-15,0.526
6,2024-03-18,0.5546
6,2024-03-19,0.6096
6,2024-03-20,0.396
6,2024-03-21,1.3454
6,2024-03-22,0.9997
6,2024-03-25,0.5481
6,2024-03-26,0.2778
6,2024-03-27,0.5023
6,2024-03-28,0.5244
6,2024-03-29,0.3521
6,2024-04-01,0.5576
6,2024-04-02,0.3145
6,2024-04-03,1.4379
6,2024-04-04,1.2367
6,2024-04-05,0.1659
6,2024-04-08,0.4138
6,2024-04-09,0.8252
6,2024-04-11,1.347
6,2024-04-12,0.2421
6,2024-04-15,0.1187
6,2024-04-16,2.1956
6,2024-04-17,0.1144
6,2024-04-18,0.5584
6,2024-04-19,1.2566
6,2024-04-22,0.9132
6,2024-04-23,1.0243
6,2024-04-24,5.117
6,2024-04-25,4.8858
6,2024-04-26,1.4303
6,2024-04-29,1.3196
6,2024-04-30,0.1826
6,2024-05-02,0.2004
6,2024-05-03,2.3059
6,2024-05-07,0.7918
6,2024-05-08,1.1009
6,2024-05-09,0.4032
6,2024-05-10,0.4649
6,2024-05-13,0.5039
6,2024-05-14,0.4022
6,2024-05-16,0.8497
6,2024-05-17,0.4746
6,2024-05-20,0.4788
6,2024-05-21,0.4968
6,2024-05-22,0.5202
6,2024-05-23,0.6509
6,2024-05-24,0.57
6,2024-05-27,0.5968
6,2024-05-28,0.6093
6,2024-05-29,0.6335
6,2024-05-30,1.133
6,2024-05-31,0.3636
6,2024-06-03,0.4513
6,2024-06-04,0.3813
6,2024-06-05,0.3973
6,2024-06-07,0.393
6,2024-06-10,0.8416
6,2024-06-11,0.3037
6,2024-06-12,0.6073
6,2024-06-13,1.4487
6,2024-06-14,0.634
6,2024-06-17,0.7664
6,2024-06-18,0.5656
6,2024-06-19,0.4238
6,2024-06-20,0.461
6,2024-06-21,0.3972
6,2024-06-24,0.7326
6,2024-06-25,0.3329
6,2024-06-26,0.4804
6,2024-06-27,0.4291
6,2024-06-28,0.6247
6,2024-07-01,0.465
6,2024-07-02,0.5022
6,2024-07-03,0.5763
6,2024-07-04,0.7618
6,2024-07-05,0.5432
6,2024-07-08,0.3771
6,2024-07-09,0.704
6,2024-07-10,0.4856
6,2024-07-11,0.4566
6,2024-07-12,0.5087
6,2024-07-15,0.406
6,2024-07-16,0.4368
6,2024-07-17,0.4443
6,2024-07-18,0.4783
6,2024-07-19,0.8549
6,2024-07-22,0.1272
6,2024-07-23,0.2594
6,2024-07-24,0.294
6,2024-07-25,0.0736
6,2024-07-26,0.186
6,2024-07-29,6.7602
6,2024-07-30,1.3225
6,2024-07-31,1.295
6,2024-08-01,0.9545
6,2024-08-02,0.364
6,2024-08-05,4.8742
6,2024-08-06,3.453
6,2024-08-07,1.9541
6,2024-08-08,1.4248
6,2024-08-09,1.1354
6,2024-08-12,0.8804
6,2024-08-13,0.6792
6,2024-08-14,0.6587
6,2024-08-16,1.2008
6,2024-08-19,1.6208
6,2024-08-20,0.8942
6,2024-08-21,0.2821
6,2024-08-22,0.277
6,2024-08-23,0.294
6,2024-08-26,0.3055
6,2024-08-28,1.1848
6,2024-08-29,0.3904
6,2024-08-30,1.2334
6,2024-09-02,0.7417
6,2024-09-03,0.3732
6,2024-09-04,2.5144
6,2024-09-05,0.9134
6,2024-09-06,1.1122
6,2024-09-09,0.9541
6,2024-09-10,0.793
6,2024-09-11,0.6948
6,2024-09-12,0.8479
6,2024-09-13,0.3531
6,2024-09-19,0.4493
6,2024-09-20,0.5817
6,2024-09-23,0.3828
6,2024-09-24,0.5155
6,2024-09-25,0.8212
6,2024-09-26,0.9884
6,2024-09-27,0.8917
6,2024-09-30,0.8943
6,2024-10-02,0.9606
6,2024-10-04,0.9528
6,2024-10-07,0.8976
6,2024-10-08,0.92
6,2024-10-10,0.8302
6,2024-10-11,0.6005
6,2024-10-14,0.3813
6,2024-10-15,0.3955
6,2024-10-16,0.3796
6,2024-10-17,0.3848
6,2024-10-18,0.2954
6,2024-10-21,0.244
6,2024-10-22,0.4948
6,2024-10-23,0.3427
6,2024-10-24,0.4532
6,2024-10-25,0.414
6,2024-10-28,0.3982
6,2024-10-29,0.3874
6,2024-10-31,0.6546
6,2024-11-01,0.538
6,2024-11-04,0.5206
6,2024-11-06,0.9266
6,2024-11-07,0.6815
6,2024-11-08,0.8438
6,2024-11-11,0.8472
6,2024-11-12,1.08
6,2024-11-13,1.2461
6,2024-11-14,0.7175
6,2024-11-15,0.6914
6,2024-11-18,0.4126
6,2024-11-19,0.6877
6,2024-11-20,0.1283
6,2024-11-21,0.4472
6,2024-11-22,0.739
6,2024-11-25,0.6792
6,2024-11-26,0.2887
6,2024-11-27,1.3722
6,2024-11-28,0.2234
6,2024-11-29,0.024
6,2024-12-02,0.55
6,2024-12-03,0.9257
6,2024-12-04,1.7358
6,2024-12-05,0.3943
6,2024-12-06,0.6843
6,2024-12-09,0.7515
6,2024-12-10,0.7359
6,2024-12-11,0.5639
6,2024-12-12,0.5017
6,2024-12-13,0.4009
6,2024-12-16,0.8207
6,2024-12-17,1.3632
6,2024-12-18,0.1889
6,2024-12-19,0.1522
6,2024-12-20,0.6735
6,2024-12-23,0.8113
6,2024-12-24,0.1251
6,2024-12-26,0.3453
6,2024-12-27,0.3069
6,2024-12-30,0.2924
7,2025-01-02,0.3268
7,2025-01-03,0.3037
7,2025-01-06,0.2926
7,2025-01-07,0.3494
7,2025-01-08,0.129
7,2025-01-09,0.2677
7,2025-01-10,0.0756
7,2025-01-13,0.411
7,2025-01-14,1.1069
7,2025-01-15,0.0266
7,2025-01-16,3.3662
7,2025-01-17,0.2558
7,2025-01-20,0.1438
7,2025-01-21,0.6626
7,2025-01-22,0.2573
7,2025-01-23,0.8156
7,2025-01-24,3.2343
7,2025-01-31,0.0951
7,2025-02-03,2.5698
7,2025-02-04,0.6026
7,2025-02-05,0.5785
7,2025-02-06,0.9812
7,2025-02-07,0.1944
7,2025-02-10,0.6239
7,2025-02-11,0.6863
7,2025-02-12,0.7637
7,2025-02-13,4.6312
7,2025-02-14,0.2529
7,2025-02-17,0.2003
7,2025-02-18,0.2266
7,2025-02-19,0.138
7,2025-02-20,0.4016
7,2025-02-21,0.1164
7,2025-02-24,1.2773
7,2025-02-25,0.0985
7,2025-02-26,0.2766
7,2025-02-27,0.6219
7,2025-02-28,2.0772
7,2025-03-04,0.616
7,2025-03-05,0.6121
7,2025-03-06,0.4947
7,2025-03-07,0.4655
7,2025-03-10,0.4008
7,2025-03-11,0.8955
7,2025-03-12,0.6248
7,2025-03-13,0.5442
7,2025-03-14,0.5641
7,2025-03-17,0.6008
7,2025-03-18,0.3269
7,2025-03-19,0.1577
7,2025-03-20,0.6174
7,2025-03-21,0.0473
7,2025-03-24,0.0404
7,2025-03-25,0.0734
7,2025-03-26,0.038
7,2025-03-27,0.5859
7,2025-03-28,0.4658
7,2025-03-31,1.5525
7,2025-04-01,0.7664
7,2025-04-02,0.749
7,2025-04-03,1.0291
7,2025-04-04,1.0903
7,2025-04-07,4.0091
7,2025-04-08,2.7526
7,2025-04-09,3.1742
7,2025-04-10,1.8476
7,2025-04-11,1.8161
7,2025-04-14,1.3881
7,2025-04-15,1.0702
7,2025-04-16,1.1372
7,2025-04-17,0.8884
7,2025-04-18,0.6816
7,2025-04-21,0.8918
7,2025-04-22,0.8042
7,2025-04-23,0.7836
7,2025-04-24,0.4969
7,2025-04-25,0.63
7,2025-04-28,0.2948
7,2025-04-29,0.3639
7,2025-04-30,0.1954
7,2025-05-02,0.2358
7,2025-05-07,0.2353
7,2025-05-08,0.8716
7,2025-05-09,0.2988
7,2025-05-12,0.356
7,2025-05-13,0.2295
7,2025-05-14,0.2295
7,2025-05-15,0.1669
7,2025-05-16,1.2191
7,2025-05-19,3.8734
7,2025-05-20,0.5896
7,2025-05-21,0.3268
7,2025-05-22,0.4117
7,2025-05-23,0.3482
7,2025-05-26,0.034
7,2025-05-27,0.313
7,2025-05-28,0.456
7,2025-05-29,0.7022
7,2025-05-30,0.4963
7,2025-06-02,0.4854
7,2025-06-04,0.4739
7,2025-06-05,0.4733
7,2025-06-09,1.0157
7,2025-06-10,0.7407
7,2025-06-11,0.6887
7,2025-06-12,0.4726
7,2025-06-13,1.11
7,2025-06-16,0.7906
7,2025-06-17,0.9613
7,2025-06-18,0.9373
7,2025-06-19,0.8225
7,2025-06-20,0.7032
7,2025-06-23,0.8026
7,2025-06-24,0.9507
7,2025-06-25,0.9244
7,2025-06-26,0.8537
7,2025-06-27,0.7517
7,2025-06-30,0.6813
7,2025-07-01,0.67
7,2025-07-02,0.6682
7,2025-07-03,0.6694
7,2025-07-04,0.9486
7,2025-07-07,0.8201
7,2025-07-08,0.7124
7,2025-07-09,0.6972
7,2025-07-10,0.4783
7,2025-07-11,0.4313
7,2025-07-14,0.5595
7,2025-07-15,0.454
7,2025-07-16,0.4327
7,2025-07-17,0.4175
7,2025-07-18,0.6811
7,2025-07-21,0.1723
7,2025-07-22,0.5073
7,2025-07-23,0.2642
7,2025-07-24,0.3321
7,2025-07-25,0.341
7,2025-07-28,0.4843
7,2025-07-29,0.4314
7,2025-07-30,0.5185
7,2025-07-31,0.5256
7,2025-08-01,1.4456
7,2025-08-04,0.8161
7,2025-08-05,0.708
7,2025-08-06,0.4099
7,2025-08-07,0.4803
7,2025-08-08,0.2741
7,2025-08-11,0.334
7,2025-08-12,0.5066
7,2025-08-13,0.6656
7,2025-08-14,0.2623
7,2025-08-18,0.5467
7,2025-08-19,0.3084
7,2025-08-20,0.4608
7,2025-08-21,0.4505
7,2025-08-22,0.3
7,2025-08-25,0.6429
7,2025-08-26,0.2141
7,2025-08-27,0.3285
7,2025-08-28,0.666
7,2025-08-29,0.2058
7,2025-09-01,0.7027
7,2025-09-02,0.6933
7,2025-09-03,0.1418
7,2025-09-04,0.5324
7,2025-09-05,1.6965
7,2025-09-08,0.3345
7,2025-09-09,1.0002
7,2025-09-10,1.8875
7,2025-09-11,0.272
7,2025-09-12,0.3852
7,2025-09-15,0.1932
7,2025-09-16,0.2791
7,2025-09-17,0.2483
7,2025-09-18,0.3143
7,2025-09-19,0.1897
7,2025-09-22,0.2529
7,2025-09-23,0.2307
7,2025-09-24,0.2755
7,2025-09-25,0.3865
7,2025-09-26,0.6431
7,2025-09-29,0.4688
7,2025-09-30,0.2833
7,2025-10-01,0.1819
7,2025-10-02,0.9129
7,2025-10-10,0.7988
7,2025-10-13,1.497
7,2025-10-14,1.65
7,2025-10-15,1.2897
7,2025-10-16,1.5667
7,2025-10-17,2.2802
7,2025-10-20,1.7452
7,2025-10-21,1.6496
7,2025-10-22,1.5587
7,2025-10-23,1.6498
7,2025-10-24,1.7467
7,2025-10-27,1.9937
7,2025-10-28,2.0331
7,2025-10-29,1.9464
7,2025-10-30,1.8389
7,2025-10-31,1.6306
7,2025-11-03,1.9963
7,2025-11-04,2.4174
7,2025-11-05,3.1178
7,2025-11-06,3.0572
7,2025-11-07,3.3037
7,2025-11-10,2.997
7,2025-11-11,2.8719
7,2025-11-12,2.4694
7,2025-11-13,2.0707
7,2025-11-14,2.5489
7,2025-11-17,2.2125
7,2025-11-18,2.94
7,2025-11-19,2.955
7,2025-11-20,2.499
7,2025-11-21,3.2466
7,2025-11-24,2.8492
7,2025-11-25,2.6152
7,2025-11-26,2.0514
7,2025-11-27,1.6997
7,2025-11-28,1.5959
7,2025-12-01,1.7883
7,2025-12-02,1.5407
7,2025-12-03,1.4654
7,2025-12-04,1.3335
7,2025-12-05,1.1418
7,2025-12-08,1.1644
7,2025-12-09,1.2445
7,2025-12-10,1.2121
7,2025-12-11,1.177
7,2025-12-12,0.9623
7,2025-12-15,1.153
7,2025-12-16,1.3318
7,2025-12-17,1.1241
7,2025-12-18,1.2503
7,2025-12-19,1.1632
7,2025-12-22,1.1447
7,2025-12-23,1.0121
7,2025-12-24,0.969
7,2025-12-26,0.998
7,2025-12-29,1.2013
7,2025-12-30,1.3982
8,2026-01-02,1.5709
8,2026-01-05,1.9423
8,2026-01-06,2.1311
8,2026-01-07,2.3195
8,2026-01-08,2.2665
8,2026-01-09,2.1104
8,2026-01-12,2.0079
8,2026-01-13,1.8615
8,2026-01-14,1.7176
8,2026-01-15,1.8352
8,2026-01-16,1.7235
8,2026-01-19,1.928
8,2026-01-20,2.1668
8,2026-01-21,2.3207
8,2026-01-22,2.4394
8,2026-01-23,2.1097
8,2026-01-26,2.1338
8,2026-01-27,2.2036
8,2026-01-28,2.8018
8,2026-01-29,2.8297
8,2026-01-30,2.9297
8,2026-02-02,4.1308
8,2026-02-03,4.5372
8,2026-02-04,4.6229
8,2026-02-05,4.8523
8,2026-02-06,4.743
8,2026-02-09,4.0942
8,2026-02-10,3.3184
8,2026-02-11,2.8368
8,2026-02-12,3.0713
8,2026-02-13,3.2325
8,2026-02-19,3.3833
8,2026-02-20,3.5826
8,2026-02-23,3.9588
8,2026-02-24,4.2296
8,2026-02-25,4.4504
8,2026-02-26,5.2278
8,2026-02-27,5.1446
8,2026-03-03,6.4944
8,2026-03-04,9.1441
8,2026-03-05,8.1312
8,2026-03-06,6.4677
8,2026-03-09,7.8382
8,2026-03-10,7.05
8,2026-03-11,6.5279
8,2026-03-12,6.8527
8,2026-03-13,6.1598
8,2026-03-16,5.2374
8,2026-03-17,4.9153
8,2026-03-18,5.1522
8,2026-03-19,5.3488
8,2026-03-20,5.3753
8,2026-03-23,6.4654
8,2026-03-24,6.7979
8,2026-03-25,6.2709
8,2026-03-26,6.0178
8,2026-03-27,6.1301
8,2026-03-30,6.2564
8,2026-03-31,6.2645
8,2026-04-01,6.2903
8,2026-04-02,5.876
8,2026-04-03,5.9021
